/*
SQLyog Ultimate v12.08 (64 bit)
MySQL - 8.0.31 : Database - covid19-temp
*********************************************************************
*/

/*!40101 SET NAMES utf8 */;

/*!40101 SET SQL_MODE=''*/;

/*!40014 SET @OLD_UNIQUE_CHECKS=@@UNIQUE_CHECKS, UNIQUE_CHECKS=0 */;
/*!40014 SET @OLD_FOREIGN_KEY_CHECKS=@@FOREIGN_KEY_CHECKS, FOREIGN_KEY_CHECKS=0 */;
/*!40101 SET @OLD_SQL_MODE=@@SQL_MODE, SQL_MODE='NO_AUTO_VALUE_ON_ZERO' */;
/*!40111 SET @OLD_SQL_NOTES=@@SQL_NOTES, SQL_NOTES=0 */;
CREATE DATABASE /*!32312 IF NOT EXISTS*/`covid19-temp` /*!40100 DEFAULT CHARACTER SET utf8mb4 COLLATE utf8mb4_0900_ai_ci */ /*!80016 DEFAULT ENCRYPTION='N' */;

USE `covid19-temp`;

/*Table structure for table `environ` */

DROP TABLE IF EXISTS `environ`;

CREATE TABLE `environ` (
  `列一` longtext CHARACTER SET utf8mb4 COLLATE utf8mb4_general_ci,
  `id` int NOT NULL
) ENGINE=InnoDB DEFAULT CHARSET=utf8mb4 COLLATE=utf8mb4_general_ci;

/*Data for the table `environ` */

insert  into `environ`(`列一`,`id`) values ('1',1),('测试1',2);

/*Table structure for table `infected` */

DROP TABLE IF EXISTS `infected`;

CREATE TABLE `infected` (
  `id` int NOT NULL AUTO_INCREMENT,
  `name` varchar(100) DEFAULT NULL,
  `date` varchar(100) DEFAULT NULL,
  `sex` int DEFAULT NULL COMMENT '1男性 2女性',
  `age` int DEFAULT NULL,
  `place_detail_id` int DEFAULT NULL COMMENT '对应的地点的id',
  PRIMARY KEY (`id`)
) ENGINE=InnoDB AUTO_INCREMENT=15 DEFAULT CHARSET=utf8mb4 COLLATE=utf8mb4_0900_ai_ci;

/*Data for the table `infected` */

insert  into `infected`(`id`,`name`,`date`,`sex`,`age`,`place_detail_id`) values (1,'张三','2023-03-22',1,50,1),(2,'李四','2023-03-23',2,18,1),(3,'王五','2023-03-22',1,30,1),(4,'陈六','2023-03-23',2,25,1),(5,'人05','2023-03-24',1,20,1),(6,'人06','2023-03-25',2,27,1),(7,'人07','2023-03-25',1,42,1),(8,'人08','2023-03-26',2,37,1),(9,'人09','2023-03-27',1,28,1),(10,'人10','2023-03-27',2,31,1),(11,'人11','2023-03-19',1,41,1),(12,'人12','2023-03-19',2,23,1),(13,'人13','2023-03-20',1,36,1),(14,'人14','2023-03-21',2,22,1);

/*Table structure for table `place` */

DROP TABLE IF EXISTS `place`;

CREATE TABLE `place` (
  `id` int NOT NULL AUTO_INCREMENT,
  `place_name` varchar(100) CHARACTER SET utf8mb4 COLLATE utf8mb4_0900_ai_ci NOT NULL COMMENT '地点名称',
  `longitude` double DEFAULT NULL COMMENT '经度',
  `latitude` double DEFAULT NULL COMMENT '纬度',
  PRIMARY KEY (`id`)
) ENGINE=InnoDB AUTO_INCREMENT=42 DEFAULT CHARSET=utf8mb4 COLLATE=utf8mb4_0900_ai_ci;

/*Data for the table `place` */

insert  into `place`(`id`,`place_name`,`longitude`,`latitude`) values (1,'竹韵花园',114.407751,22.70946),(28,'田面泵站',114.076402,22.541303),(29,'莲塘尾泵站',114.015998,22.562736),(30,'石厦泵站',114.047884,22.519793),(31,'福田保税区泵房',114.053166,22.502139),(32,'福田水质净化厂',114.016182,22.528503),(33,'滨河水质净化厂',114.096291,22.537769),(34,'福星泵站',114.08086,22.529567),(35,'皇岗村截污泵站',114.064852,22.524668),(36,'前海污水泵站',NULL,NULL),(37,'南山水质净化厂',113.894406,22.508338),(38,'蛇口水质净化厂',113.893933,22.463501),(39,'西丽水质净化厂',113.960423,22.587112),(40,'创业路污水泵站',113.935682,22.514433),(41,'登良路污水泵站',NULL,NULL);

/*Table structure for table `place_detail` */

DROP TABLE IF EXISTS `place_detail`;

CREATE TABLE `place_detail` (
  `id` int NOT NULL AUTO_INCREMENT,
  `place_name` varchar(100) DEFAULT NULL,
  `longitude` double DEFAULT NULL,
  `latitude` double DEFAULT NULL,
  `father_id` int DEFAULT NULL COMMENT '父节点的id',
  PRIMARY KEY (`id`)
) ENGINE=InnoDB AUTO_INCREMENT=40 DEFAULT CHARSET=utf8mb4 COLLATE=utf8mb4_0900_ai_ci;

/*Data for the table `place_detail` */

insert  into `place_detail`(`id`,`place_name`,`longitude`,`latitude`,`father_id`) values (1,'1栋第1个井口',114.407751,22.70946,1),(2,'1栋第2个井口',114.40723,22.709544,1),(3,'1栋第3个井口',114.40714,22.709652,1),(4,'1栋第4个井口',114.407275,22.709902,1),(5,'2栋第1个井口',114.407122,22.709485,1),(6,'2栋第2个井口',114.40714,114.40714,1),(7,'2栋第4个井口',114.407167,22.70941,1),(8,'3栋第1个井口',114.406485,22.709135,1),(9,'3栋第2个井口',114.406314,22.709002,1),(10,'3栋第3个井口',114.406538,22.708785,1),(11,'4栋第1个井口',114.406718,22.708852,1),(12,'4栋第2个井口',114.406736,22.708994,1),(13,'6栋第1个井口',114.407329,22.70856,1),(14,'6栋第2个井口',114.40732,22.708344,1),(15,'6栋第3个井口',114.407338,22.708185,1),(16,'6-9栋厕所',114.408039,22.708302,1),(17,'8栋第1个井口',114.407733,22.70796,1),(18,'12栋第1个井口',114.408784,22.708477,1),(19,'化粪池1',114.407976,22.709227,1),(20,'化粪池2',114.408173,22.70966,1),(21,'警务室',114.408012,22.709052,1),(22,'招标',114.408254,22.709294,1),(25,'田面泵站',114.076402,22.541303,28),(26,'莲塘尾泵站',114.015998,22.562736,29),(27,'福田保税区泵房',114.053166,22.529567,31),(28,'福田水质净化厂一（厂内泵站）',114.016182,22.528503,32),(29,'福田水质净化厂二（凤塘泵站）',114.021461,22.526911,32),(30,'滨河水质净化厂（进厂前端管网竖井）',114.096291,22.537769,33),(31,'福星泵站',114.08086,22.529567,34),(32,'皇岗村截污泵站',114.064852,22.524668,35),(33,'石厦泵站',114.047884,22.519793,30),(34,'前海污水泵站',NULL,NULL,36),(35,'南山水质净化厂',113.894406,22.508338,37),(36,'蛇口水质净化厂',113.893933,22.463501,38),(37,'西丽水质净化厂',113.960423,22.587112,39),(38,'创业路污水泵站',113.935682,22.514433,40),(39,'登良路污水泵站',NULL,NULL,41);

/*Table structure for table `virus` */

DROP TABLE IF EXISTS `virus`;

CREATE TABLE `virus` (
  `id` int NOT NULL AUTO_INCREMENT,
  `date` varchar(100) DEFAULT NULL,
  `ct1` double DEFAULT NULL COMMENT 'CT值1',
  `ct2` double DEFAULT NULL COMMENT 'CT值2',
  `ct3` double DEFAULT NULL COMMENT 'CT值3',
  `ct4` double DEFAULT NULL COMMENT 'CT值4',
  `place_detail_id` int DEFAULT NULL COMMENT '对应的地点的id',
  PRIMARY KEY (`id`)
) ENGINE=InnoDB AUTO_INCREMENT=988 DEFAULT CHARSET=utf8mb4 COLLATE=utf8mb4_0900_ai_ci;

/*Data for the table `virus` */

insert  into `virus`(`id`,`date`,`ct1`,`ct2`,`ct3`,`ct4`,`place_detail_id`) values (1,'2023-02-19',35,NULL,NULL,NULL,1),(2,'2023-02-20',36,NULL,NULL,NULL,1),(3,'2023-02-20',39,NULL,NULL,NULL,1),(4,'2023-02-18',35,NULL,NULL,NULL,1),(5,'2023-02-21',42,NULL,NULL,NULL,1),(6,'2023-02-22',38,NULL,NULL,NULL,1),(7,'2023-02-23',40,NULL,NULL,NULL,1),(8,'2023-02-24',38,NULL,NULL,NULL,1),(9,'2023-02-25',34,NULL,NULL,NULL,1),(10,'2023-02-26',35,NULL,NULL,NULL,1),(11,'2023-02-27',39,NULL,NULL,NULL,1),(12,'2023-02-28',41,NULL,NULL,NULL,1),(13,'2023-03-01',37,NULL,NULL,NULL,1),(14,'2023-03-02',35,NULL,NULL,NULL,1),(15,'2023-03-03',40,NULL,NULL,NULL,1),(16,'2023-03-04',37,NULL,NULL,NULL,1),(17,'2023-03-05',41,NULL,NULL,NULL,1),(18,'2023-03-06',36,NULL,NULL,NULL,1),(19,'2023-03-07',36,NULL,NULL,NULL,1),(20,'2023-03-08',40,NULL,NULL,NULL,1),(21,'2023-03-09',38,NULL,NULL,NULL,1),(22,'2023-03-10',41,NULL,NULL,NULL,1),(25,NULL,NULL,NULL,NULL,NULL,NULL),(26,NULL,NULL,NULL,NULL,NULL,NULL),(27,NULL,NULL,NULL,NULL,NULL,NULL),(28,'2022-10-01',36.47,NULL,NULL,NULL,25),(29,'2022-10-02',NULL,NULL,NULL,NULL,25),(30,'2022-10-03',NULL,NULL,NULL,NULL,25),(31,'2022-10-04',NULL,NULL,NULL,NULL,25),(32,'2022-10-05',NULL,NULL,NULL,NULL,25),(33,'2022-10-06',NULL,NULL,NULL,NULL,25),(34,'2022-10-07',NULL,NULL,NULL,NULL,25),(35,'2022-10-08',NULL,NULL,NULL,NULL,25),(36,'2022-10-09',36.04,NULL,NULL,NULL,25),(37,'2022-10-10',NULL,NULL,NULL,NULL,25),(38,'2022-10-11',37.12,NULL,NULL,NULL,25),(39,'2022-10-12',NULL,NULL,NULL,NULL,25),(40,'2022-10-13',NULL,NULL,NULL,NULL,25),(41,'2022-10-14',NULL,NULL,NULL,NULL,25),(42,'2022-10-15',NULL,NULL,NULL,NULL,25),(43,'2022-10-16',NULL,NULL,NULL,NULL,25),(44,'2022-10-17',36.24,NULL,NULL,NULL,25),(45,'2022-10-18',37.19,NULL,NULL,NULL,25),(46,'2022-10-19',37.54,NULL,NULL,NULL,25),(47,'2022-10-20',37.1,NULL,NULL,NULL,25),(48,'2022-10-21',NULL,NULL,NULL,NULL,25),(49,'2022-10-22',NULL,NULL,NULL,NULL,25),(50,'2022-10-23',NULL,NULL,NULL,NULL,25),(51,'2022-10-24',NULL,NULL,NULL,NULL,25),(52,'2022-10-25',NULL,NULL,NULL,NULL,25),(53,'2022-10-26',NULL,NULL,NULL,NULL,25),(54,'2022-10-27',NULL,NULL,NULL,NULL,25),(55,'2022-10-28',NULL,NULL,NULL,NULL,25),(56,'2022-10-29',37.39,NULL,NULL,NULL,25),(57,'2022-10-30',32.04,NULL,NULL,NULL,25),(58,'2022-10-31',32.27,NULL,NULL,NULL,25),(59,'2022-11-01',32.21,NULL,NULL,NULL,25),(60,'2022-11-02',33.29,NULL,NULL,NULL,25),(61,'2022-11-03',33.02,NULL,NULL,NULL,25),(62,'2022-11-04',32.9,NULL,NULL,NULL,25),(63,'2022-11-05',33.36,NULL,NULL,NULL,25),(64,'2022-11-06',33.87,NULL,NULL,NULL,25),(65,'2022-11-07',33.91,NULL,NULL,NULL,25),(66,'2022-11-08',33.07,NULL,NULL,NULL,25),(67,'2022-11-09',32.33,NULL,NULL,NULL,25),(68,'2022-11-10',32.35,NULL,NULL,NULL,25),(69,'2022-11-11',35.27,NULL,NULL,NULL,25),(70,'2022-11-12',34.66,NULL,NULL,NULL,25),(71,'2022-11-13',35.01,NULL,NULL,NULL,25),(72,'2022-11-14',36.05,NULL,NULL,NULL,25),(73,'2022-11-15',36.5,NULL,NULL,NULL,25),(74,'2022-11-16',36.16,NULL,NULL,NULL,25),(75,'2022-11-17',37.35,NULL,NULL,NULL,25),(76,'2022-11-18',38.7,NULL,NULL,NULL,25),(77,'2022-11-19',37.03,NULL,NULL,NULL,25),(78,'2022-11-20',32.73,NULL,NULL,NULL,25),(79,'2022-11-21',NULL,NULL,NULL,NULL,25),(80,'2022-11-22',37.33,NULL,NULL,NULL,25),(81,'2022-11-23',37.58,NULL,NULL,NULL,25),(82,'2022-11-24',NULL,NULL,NULL,NULL,25),(83,'2022-11-25',35.37,NULL,NULL,NULL,25),(84,'2022-11-26',32.63,NULL,NULL,NULL,25),(85,'2022-11-27',NULL,NULL,NULL,NULL,25),(86,'2022-11-28',NULL,NULL,NULL,NULL,25),(87,'2022-11-29',31.09,NULL,NULL,NULL,25),(88,'2022-11-30',31.36,NULL,NULL,NULL,25),(89,'2022-12-01',31.98,NULL,NULL,NULL,25),(90,'2022-12-02',32.59,NULL,NULL,NULL,25),(91,'2022-12-03',31.37,NULL,NULL,NULL,25),(92,'2022-12-04',32.21,NULL,NULL,NULL,25),(93,'2022-12-05',30.18,NULL,NULL,NULL,25),(94,'2022-12-06',29.88,NULL,NULL,NULL,25),(95,'2022-12-07',30.91,NULL,NULL,NULL,25),(96,'2022-12-08',34.02,NULL,NULL,NULL,25),(97,'2022-12-09',32.24,NULL,NULL,NULL,25),(98,'2022-12-10',33.11,NULL,NULL,NULL,25),(99,'2022-12-11',33.09,NULL,NULL,NULL,25),(100,'2022-12-12',33.38,NULL,NULL,NULL,25),(101,'2022-12-13',33.07,NULL,NULL,NULL,25),(102,'2022-12-14',32.05,NULL,NULL,NULL,25),(103,'2022-12-15',32.71,NULL,NULL,NULL,25),(104,'2022-12-16',33.02,NULL,NULL,NULL,25),(105,'2022-12-17',31.76,NULL,NULL,NULL,25),(106,'2022-12-18',32.68,NULL,NULL,NULL,25),(107,'2022-12-19',32.79,NULL,NULL,NULL,25),(108,'2022-12-20',33.26,NULL,NULL,NULL,25),(109,'2022-12-21',32.63,NULL,NULL,NULL,25),(110,'2022-12-22',33.34,NULL,NULL,NULL,25),(111,'2022-12-23',32.07,NULL,NULL,NULL,25),(112,'2022-12-24',34.25,NULL,NULL,NULL,25),(113,'2022-12-25',34.08,NULL,NULL,NULL,25),(114,'2022-12-26',33.85,NULL,NULL,NULL,25),(115,'2022-12-27',36.91,NULL,NULL,NULL,25),(116,'2022-12-28',32.67,NULL,NULL,NULL,25),(117,'2022-12-29',NULL,NULL,NULL,NULL,25),(118,'2022-12-30',NULL,NULL,NULL,NULL,25),(119,'2022-12-31',NULL,NULL,NULL,NULL,25),(120,'2022-10-01',31.09,NULL,NULL,NULL,26),(121,'2022-10-02',30.94,NULL,NULL,NULL,26),(122,'2022-10-03',31.27,NULL,NULL,NULL,26),(123,'2022-10-04',31.12,NULL,NULL,NULL,26),(124,'2022-10-05',30.69,NULL,NULL,NULL,26),(125,'2022-10-06',30.39,NULL,NULL,NULL,26),(126,'2022-10-07',30.27,NULL,NULL,NULL,26),(127,'2022-10-08',30.91,NULL,NULL,NULL,26),(128,'2022-10-09',30.49,NULL,NULL,NULL,26),(129,'2022-10-10',30.21,NULL,NULL,NULL,26),(130,'2022-10-11',30.07,NULL,NULL,NULL,26),(131,'2022-10-12',29.76,NULL,NULL,NULL,26),(132,'2022-10-13',30.07,NULL,NULL,NULL,26),(133,'2022-10-14',30.19,NULL,NULL,NULL,26),(134,'2022-10-15',30.75,NULL,NULL,NULL,26),(135,'2022-10-16',30.06,NULL,NULL,NULL,26),(136,'2022-10-17',30.39,NULL,NULL,NULL,26),(137,'2022-10-18',30.03,NULL,NULL,NULL,26),(138,'2022-10-19',29.79,NULL,NULL,NULL,26),(139,'2022-10-20',29.67,NULL,NULL,NULL,26),(140,'2022-10-21',29.27,NULL,NULL,NULL,26),(141,'2022-10-22',29.48,NULL,NULL,NULL,26),(142,'2022-10-23',29.72,NULL,NULL,NULL,26),(143,'2022-10-24',29.86,NULL,NULL,NULL,26),(144,'2022-10-25',25.16,NULL,NULL,NULL,26),(145,'2022-10-26',NULL,NULL,NULL,NULL,26),(146,'2022-10-27',NULL,NULL,NULL,NULL,26),(147,'2022-10-28',NULL,NULL,NULL,NULL,26),(148,'2022-10-29',29.34,NULL,NULL,NULL,26),(149,'2022-10-30',29.52,NULL,NULL,NULL,26),(150,'2022-10-31',29.22,NULL,NULL,NULL,26),(151,'2022-11-01',24.61,NULL,NULL,NULL,26),(152,'2022-11-02',NULL,NULL,NULL,NULL,26),(153,'2022-11-03',NULL,NULL,NULL,NULL,26),(154,'2022-11-04',NULL,NULL,NULL,NULL,26),(155,'2022-11-05',NULL,NULL,NULL,NULL,26),(156,'2022-11-06',NULL,NULL,NULL,NULL,26),(157,'2022-11-07',NULL,NULL,NULL,NULL,26),(158,'2022-11-08',32.12,NULL,NULL,NULL,26),(159,'2022-11-09',31.55,NULL,NULL,NULL,26),(160,'2022-11-10',31.46,NULL,NULL,NULL,26),(161,'2022-11-11',30.97,NULL,NULL,NULL,26),(162,'2022-11-12',31.19,NULL,NULL,NULL,26),(163,'2022-11-13',31.03,NULL,NULL,NULL,26),(164,'2022-11-14',32.03,NULL,NULL,NULL,26),(165,'2022-11-15',32.25,NULL,NULL,NULL,26),(166,'2022-11-16',31.67,NULL,NULL,NULL,26),(167,'2022-11-17',30.54,NULL,NULL,NULL,26),(168,'2022-11-18',30.61,NULL,NULL,NULL,26),(169,'2022-11-19',30.22,NULL,NULL,NULL,26),(170,'2022-11-20',30.97,NULL,NULL,NULL,26),(171,'2022-11-21',31.95,NULL,NULL,NULL,26),(172,'2022-11-22',31.64,NULL,NULL,NULL,26),(173,'2022-11-23',31.5,NULL,NULL,NULL,26),(174,'2022-11-24',30.82,NULL,NULL,NULL,26),(175,'2022-11-25',30.72,NULL,NULL,NULL,26),(176,'2022-11-26',30.07,NULL,NULL,NULL,26),(177,'2022-11-27',29.69,NULL,NULL,NULL,26),(178,'2022-11-28',29.67,NULL,NULL,NULL,26),(179,'2022-11-29',29.37,NULL,NULL,NULL,26),(180,'2022-11-30',29.71,NULL,NULL,NULL,26),(181,'2022-12-01',29.39,NULL,NULL,NULL,26),(182,'2022-12-02',29.61,NULL,NULL,NULL,26),(183,'2022-12-03',29.82,NULL,NULL,NULL,26),(184,'2022-12-04',29.16,NULL,NULL,NULL,26),(185,'2022-12-05',NULL,NULL,NULL,NULL,26),(186,'2022-12-06',36.58,NULL,NULL,NULL,26),(187,'2022-12-07',37.94,NULL,NULL,NULL,26),(188,'2022-12-08',36.37,NULL,NULL,NULL,26),(189,'2022-12-09',37.16,NULL,NULL,NULL,26),(190,'2022-12-10',36.47,NULL,NULL,NULL,26),(191,'2022-12-11',36.67,NULL,NULL,NULL,26),(192,'2022-12-12',37.23,NULL,NULL,NULL,26),(193,'2022-12-13',NULL,NULL,NULL,NULL,26),(194,'2022-12-14',NULL,NULL,NULL,NULL,26),(195,'2022-12-15',NULL,NULL,NULL,NULL,26),(196,'2022-12-16',36.18,NULL,NULL,NULL,26),(197,'2022-12-17',36.58,NULL,NULL,NULL,26),(198,'2022-12-18',35.65,NULL,NULL,NULL,26),(199,'2022-12-19',34.29,NULL,NULL,NULL,26),(200,'2022-12-20',34.6,NULL,NULL,NULL,26),(201,'2022-12-21',34.51,NULL,NULL,NULL,26),(202,'2022-12-22',35,NULL,NULL,NULL,26),(203,'2022-12-23',35.37,NULL,NULL,NULL,26),(204,'2022-12-24',38.01,NULL,NULL,NULL,26),(205,'2022-12-25',NULL,NULL,NULL,NULL,26),(206,'2022-12-26',NULL,NULL,NULL,NULL,26),(207,'2022-12-27',NULL,NULL,NULL,NULL,26),(208,'2022-12-28',35.3,NULL,NULL,NULL,26),(209,'2022-12-29',NULL,NULL,NULL,NULL,26),(210,'2022-12-30',37.11,NULL,NULL,NULL,26),(211,'2022-12-31',36.39,NULL,NULL,NULL,26),(212,'2022-10-01',34.81,NULL,NULL,NULL,27),(213,'2022-10-02',37.81,NULL,NULL,NULL,27),(214,'2022-10-03',36.43,NULL,NULL,NULL,27),(215,'2022-10-04',NULL,NULL,NULL,NULL,27),(216,'2022-10-05',38.22,NULL,NULL,NULL,27),(217,'2022-10-06',NULL,NULL,NULL,NULL,27),(218,'2022-10-07',37.74,NULL,NULL,NULL,27),(219,'2022-10-08',NULL,NULL,NULL,NULL,27),(220,'2022-10-09',NULL,NULL,NULL,NULL,27),(221,'2022-10-10',NULL,NULL,NULL,NULL,27),(222,'2022-10-11',NULL,NULL,NULL,NULL,27),(223,'2022-10-12',NULL,NULL,NULL,NULL,27),(224,'2022-10-13',NULL,NULL,NULL,NULL,27),(225,'2022-10-14',NULL,NULL,NULL,NULL,27),(226,'2022-10-15',NULL,NULL,NULL,NULL,27),(227,'2022-10-16',NULL,NULL,NULL,NULL,27),(228,'2022-10-17',NULL,NULL,NULL,NULL,27),(229,'2022-10-18',NULL,NULL,NULL,NULL,27),(230,'2022-10-19',39.9,NULL,NULL,NULL,27),(231,'2022-10-20',NULL,NULL,NULL,NULL,27),(232,'2022-10-21',NULL,NULL,NULL,NULL,27),(233,'2022-10-22',38.92,NULL,NULL,NULL,27),(234,'2022-10-23',NULL,NULL,NULL,NULL,27),(235,'2022-10-24',NULL,NULL,NULL,NULL,27),(236,'2022-10-25',NULL,NULL,NULL,NULL,27),(237,'2022-10-26',36.85,NULL,NULL,NULL,27),(238,'2022-10-27',NULL,NULL,NULL,NULL,27),(239,'2022-10-28',37.29,NULL,NULL,NULL,27),(240,'2022-10-29',NULL,NULL,NULL,NULL,27),(241,'2022-10-30',NULL,NULL,NULL,NULL,27),(242,'2022-10-31',39.03,NULL,NULL,NULL,27),(243,'2022-11-01',NULL,NULL,NULL,NULL,27),(244,'2022-11-02',NULL,NULL,NULL,NULL,27),(245,'2022-11-03',36.41,NULL,NULL,NULL,27),(246,'2022-11-04',30.45,NULL,NULL,NULL,27),(247,'2022-11-05',30.45,NULL,NULL,NULL,27),(248,'2022-11-06',30.09,NULL,NULL,NULL,27),(249,'2022-11-07',30.14,NULL,NULL,NULL,27),(250,'2022-11-08',29.5,NULL,NULL,NULL,27),(251,'2022-11-09',30.02,NULL,NULL,NULL,27),(252,'2022-11-10',28,NULL,NULL,NULL,27),(253,'2022-11-11',27.73,NULL,NULL,NULL,27),(254,'2022-11-12',33.4,NULL,NULL,NULL,27),(255,'2022-11-13',32.98,NULL,NULL,NULL,27),(256,'2022-11-14',23.86,NULL,NULL,NULL,27),(257,'2022-11-15',24.02,NULL,NULL,NULL,27),(258,'2022-11-16',28.07,NULL,NULL,NULL,27),(259,'2022-11-17',27.77,NULL,NULL,NULL,27),(260,'2022-11-18',28.37,NULL,NULL,NULL,27),(261,'2022-11-19',28.26,NULL,NULL,NULL,27),(262,'2022-11-20',30.15,NULL,NULL,NULL,27),(263,'2022-11-21',30.2,NULL,NULL,NULL,27),(264,'2022-11-22',28.22,NULL,NULL,NULL,27),(265,'2022-11-23',28.47,NULL,NULL,NULL,27),(266,'2022-11-24',19.9,NULL,NULL,NULL,27),(267,'2022-11-25',20.22,NULL,NULL,NULL,27),(268,'2022-11-26',28.93,NULL,NULL,NULL,27),(269,'2022-11-27',28.2,NULL,NULL,NULL,27),(270,'2022-11-28',18.07,NULL,NULL,NULL,27),(271,'2022-11-29',18.58,NULL,NULL,NULL,27),(272,'2022-11-30',27.79,NULL,NULL,NULL,27),(273,'2022-12-01',28.33,NULL,NULL,NULL,27),(274,'2022-12-02',28.76,NULL,NULL,NULL,27),(275,'2022-12-03',29,NULL,NULL,NULL,27),(276,'2022-12-04',26.72,NULL,NULL,NULL,27),(277,'2022-12-05',25.61,NULL,NULL,NULL,27),(278,'2022-12-06',26.51,NULL,NULL,NULL,27),(279,'2022-12-07',26.34,NULL,NULL,NULL,27),(280,'2022-12-08',29.71,NULL,NULL,NULL,27),(281,'2022-12-09',29.68,NULL,NULL,NULL,27),(282,'2022-12-10',28.21,NULL,NULL,NULL,27),(283,'2022-12-11',27.53,NULL,NULL,NULL,27),(284,'2022-12-12',20.43,NULL,NULL,NULL,27),(285,'2022-12-13',20.71,NULL,NULL,NULL,27),(286,'2022-12-14',20.41,NULL,NULL,NULL,27),(287,'2022-12-15',29.73,NULL,NULL,NULL,27),(288,'2022-12-16',29.35,NULL,NULL,NULL,27),(289,'2022-12-17',29.06,NULL,NULL,NULL,27),(290,'2022-12-18',29.67,NULL,NULL,NULL,27),(291,'2022-12-19',29.1,NULL,NULL,NULL,27),(292,'2022-12-20',28.55,NULL,NULL,NULL,27),(293,'2022-12-21',28.99,NULL,NULL,NULL,27),(294,'2022-12-22',29,NULL,NULL,NULL,27),(295,'2022-12-23',28.84,NULL,NULL,NULL,27),(296,'2022-12-24',29.25,NULL,NULL,NULL,27),(297,'2022-12-25',28.94,NULL,NULL,NULL,27),(298,'2022-12-26',28.95,NULL,NULL,NULL,27),(299,'2022-12-27',22.95,NULL,NULL,NULL,27),(300,'2022-12-28',22.63,NULL,NULL,NULL,27),(301,'2022-12-29',22.87,NULL,NULL,NULL,27),(302,'2022-12-30',21.83,NULL,NULL,NULL,27),(303,'2022-12-31',23.18,NULL,NULL,NULL,27),(304,'2022-10-01',22.11,NULL,NULL,NULL,28),(305,'2022-10-02',29.03,NULL,NULL,NULL,28),(306,'2022-10-03',27.84,NULL,NULL,NULL,28),(307,'2022-10-04',27.53,NULL,NULL,NULL,28),(308,'2022-10-05',27.45,NULL,NULL,NULL,28),(309,'2022-10-06',27.08,NULL,NULL,NULL,28),(310,'2022-10-07',27.26,NULL,NULL,NULL,28),(311,'2022-10-08',29.12,NULL,NULL,NULL,28),(312,'2022-10-09',29.02,NULL,NULL,NULL,28),(313,'2022-10-10',28.84,NULL,NULL,NULL,28),(314,'2022-10-11',27.74,NULL,NULL,NULL,28),(315,'2022-10-12',27.98,NULL,NULL,NULL,28),(316,'2022-10-13',27.67,NULL,NULL,NULL,28),(317,'2022-10-14',27.03,NULL,NULL,NULL,28),(318,'2022-10-15',27.11,NULL,NULL,NULL,28),(319,'2022-10-16',27.16,NULL,NULL,NULL,28),(320,'2022-10-17',27.45,NULL,NULL,NULL,28),(321,'2022-10-18',27.74,NULL,NULL,NULL,28),(322,'2022-10-19',28.16,NULL,NULL,NULL,28),(323,'2022-10-20',32.33,NULL,NULL,NULL,28),(324,'2022-10-21',32.21,NULL,NULL,NULL,28),(325,'2022-10-22',31.77,NULL,NULL,NULL,28),(326,'2022-10-23',30.58,NULL,NULL,NULL,28),(327,'2022-10-24',29.98,NULL,NULL,NULL,28),(328,'2022-10-25',30.13,NULL,NULL,NULL,28),(329,'2022-10-26',30.84,NULL,NULL,NULL,28),(330,'2022-10-27',31.28,NULL,NULL,NULL,28),(331,'2022-10-28',31.19,NULL,NULL,NULL,28),(332,'2022-10-29',23.66,NULL,NULL,NULL,28),(333,'2022-10-30',23.1,NULL,NULL,NULL,28),(334,'2022-10-31',22.34,NULL,NULL,NULL,28),(335,'2022-11-01',29.34,NULL,NULL,NULL,28),(336,'2022-11-02',29.5,NULL,NULL,NULL,28),(337,'2022-11-03',29.19,NULL,NULL,NULL,28),(338,'2022-11-04',30.45,NULL,NULL,NULL,28),(339,'2022-11-05',30.48,NULL,NULL,NULL,28),(340,'2022-11-06',31.16,NULL,NULL,NULL,28),(341,'2022-11-07',24.12,NULL,NULL,NULL,28),(342,'2022-11-08',25.01,NULL,NULL,NULL,28),(343,'2022-11-09',24.09,NULL,NULL,NULL,28),(344,'2022-11-10',30.16,NULL,NULL,NULL,28),(345,'2022-11-11',29.69,NULL,NULL,NULL,28),(346,'2022-11-12',30.02,NULL,NULL,NULL,28),(347,'2022-11-13',24.36,NULL,NULL,NULL,28),(348,'2022-11-14',24.03,NULL,NULL,NULL,28),(349,'2022-11-15',24.17,NULL,NULL,NULL,28),(350,'2022-11-16',28.19,NULL,NULL,NULL,28),(351,'2022-11-17',28.58,NULL,NULL,NULL,28),(352,'2022-11-18',28.38,NULL,NULL,NULL,28),(353,'2022-11-19',33.24,NULL,NULL,NULL,28),(354,'2022-11-20',31.84,NULL,NULL,NULL,28),(355,'2022-11-21',32.13,NULL,NULL,NULL,28),(356,'2022-11-22',33.13,NULL,NULL,NULL,28),(357,'2022-11-23',32.83,NULL,NULL,NULL,28),(358,'2022-11-24',33.08,NULL,NULL,NULL,28),(359,'2022-11-25',27.59,NULL,NULL,NULL,28),(360,'2022-11-26',27.44,NULL,NULL,NULL,28),(361,'2022-11-27',27.8,NULL,NULL,NULL,28),(362,'2022-11-28',30.14,NULL,NULL,NULL,28),(363,'2022-11-29',30.34,NULL,NULL,NULL,28),(364,'2022-11-30',30.29,NULL,NULL,NULL,28),(365,'2022-12-01',29.67,NULL,NULL,NULL,28),(366,'2022-12-02',30.06,NULL,NULL,NULL,28),(367,'2022-12-03',30.21,NULL,NULL,NULL,28),(368,'2022-12-04',32.05,NULL,NULL,NULL,28),(369,'2022-12-05',32.24,NULL,NULL,NULL,28),(370,'2022-12-06',27.33,NULL,NULL,NULL,28),(371,'2022-12-07',27.8,NULL,NULL,NULL,28),(372,'2022-12-08',27.18,NULL,NULL,NULL,28),(373,'2022-12-09',29.86,NULL,NULL,NULL,28),(374,'2022-12-10',29.39,NULL,NULL,NULL,28),(375,'2022-12-11',30.21,NULL,NULL,NULL,28),(376,'2022-12-12',30.6,NULL,NULL,NULL,28),(377,'2022-12-13',23.04,NULL,NULL,NULL,28),(378,'2022-12-14',22.47,NULL,NULL,NULL,28),(379,'2022-12-15',23.08,NULL,NULL,NULL,28),(380,'2022-12-16',32.75,NULL,NULL,NULL,28),(381,'2022-12-17',32.58,NULL,NULL,NULL,28),(382,'2022-12-18',32.2,NULL,NULL,NULL,28),(383,'2022-12-19',29.57,NULL,NULL,NULL,28),(384,'2022-12-20',29.27,NULL,NULL,NULL,28),(385,'2022-12-21',30.2,NULL,NULL,NULL,28),(386,'2022-12-22',28.18,NULL,NULL,NULL,28),(387,'2022-12-23',28.47,NULL,NULL,NULL,28),(388,'2022-12-24',27.52,NULL,NULL,NULL,28),(389,'2022-12-25',32.29,NULL,NULL,NULL,28),(390,'2022-12-26',32.24,NULL,NULL,NULL,28),(391,'2022-12-27',32.41,NULL,NULL,NULL,28),(392,'2022-12-28',31.16,NULL,NULL,NULL,28),(393,'2022-12-29',30.56,NULL,NULL,NULL,28),(394,'2022-12-30',30.73,NULL,NULL,NULL,28),(395,'2022-12-31',28.78,NULL,NULL,NULL,28),(396,'2022-10-01',28.86,NULL,NULL,NULL,29),(397,'2022-10-02',29.53,NULL,NULL,NULL,29),(398,'2022-10-03',30.47,NULL,NULL,NULL,29),(399,'2022-10-04',30.43,NULL,NULL,NULL,29),(400,'2022-10-05',30.73,NULL,NULL,NULL,29),(401,'2022-10-06',30.32,NULL,NULL,NULL,29),(402,'2022-10-07',29.28,NULL,NULL,NULL,29),(403,'2022-10-08',29.36,NULL,NULL,NULL,29),(404,'2022-10-09',NULL,NULL,NULL,NULL,29),(405,'2022-10-10',38.59,NULL,NULL,NULL,29),(406,'2022-10-11',NULL,NULL,NULL,NULL,29),(407,'2022-10-12',NULL,NULL,NULL,NULL,29),(408,'2022-10-13',NULL,NULL,NULL,NULL,29),(409,'2022-10-14',NULL,NULL,NULL,NULL,29),(410,'2022-10-15',NULL,NULL,NULL,NULL,29),(411,'2022-10-16',NULL,NULL,NULL,NULL,29),(412,'2022-10-17',NULL,NULL,NULL,NULL,29),(413,'2022-10-18',NULL,NULL,NULL,NULL,29),(414,'2022-10-19',NULL,NULL,NULL,NULL,29),(415,'2022-10-20',NULL,NULL,NULL,NULL,29),(416,'2022-10-21',39.86,NULL,NULL,NULL,29),(417,'2022-10-22',NULL,NULL,NULL,NULL,29),(418,'2022-10-23',NULL,NULL,NULL,NULL,29),(419,'2022-10-24',NULL,NULL,NULL,NULL,29),(420,'2022-10-25',NULL,NULL,NULL,NULL,29),(421,'2022-10-26',NULL,NULL,NULL,NULL,29),(422,'2022-10-27',NULL,NULL,NULL,NULL,29),(423,'2022-10-28',NULL,NULL,NULL,NULL,29),(424,'2022-10-29',NULL,NULL,NULL,NULL,29),(425,'2022-10-30',NULL,NULL,NULL,NULL,29),(426,'2022-10-31',39.83,NULL,NULL,NULL,29),(427,'2022-11-01',37.28,NULL,NULL,NULL,29),(428,'2022-11-02',NULL,NULL,NULL,NULL,29),(429,'2022-11-03',NULL,NULL,NULL,NULL,29),(430,'2022-11-04',NULL,NULL,NULL,NULL,29),(431,'2022-11-05',NULL,NULL,NULL,NULL,29),(432,'2022-11-06',NULL,NULL,NULL,NULL,29),(433,'2022-11-07',NULL,NULL,NULL,NULL,29),(434,'2022-11-08',37.29,NULL,NULL,NULL,29),(435,'2022-11-09',NULL,NULL,NULL,NULL,29),(436,'2022-11-10',38.75,NULL,NULL,NULL,29),(437,'2022-11-11',NULL,NULL,NULL,NULL,29),(438,'2022-11-12',NULL,NULL,NULL,NULL,29),(439,'2022-11-13',NULL,NULL,NULL,NULL,29),(440,'2022-11-14',NULL,NULL,NULL,NULL,29),(441,'2022-11-15',NULL,NULL,NULL,NULL,29),(442,'2022-11-16',NULL,NULL,NULL,NULL,29),(443,'2022-11-17',NULL,NULL,NULL,NULL,29),(444,'2022-11-18',NULL,NULL,NULL,NULL,29),(445,'2022-11-19',38.01,NULL,NULL,NULL,29),(446,'2022-11-20',NULL,NULL,NULL,NULL,29),(447,'2022-11-21',NULL,NULL,NULL,NULL,29),(448,'2022-11-22',NULL,NULL,NULL,NULL,29),(449,'2022-11-23',NULL,NULL,NULL,NULL,29),(450,'2022-11-24',38.24,NULL,NULL,NULL,29),(451,'2022-11-25',NULL,NULL,NULL,NULL,29),(452,'2022-11-26',38.94,NULL,NULL,NULL,29),(453,'2022-11-27',NULL,NULL,NULL,NULL,29),(454,'2022-11-28',NULL,NULL,NULL,NULL,29),(455,'2022-11-29',NULL,NULL,NULL,NULL,29),(456,'2022-11-30',NULL,NULL,NULL,NULL,29),(457,'2022-12-01',NULL,NULL,NULL,NULL,29),(458,'2022-12-02',NULL,NULL,NULL,NULL,29),(459,'2022-12-03',NULL,NULL,NULL,NULL,29),(460,'2022-12-04',NULL,NULL,NULL,NULL,29),(461,'2022-12-05',NULL,NULL,NULL,NULL,29),(462,'2022-12-06',NULL,NULL,NULL,NULL,29),(463,'2022-12-07',NULL,NULL,NULL,NULL,29),(464,'2022-12-08',NULL,NULL,NULL,NULL,29),(465,'2022-12-09',NULL,NULL,NULL,NULL,29),(466,'2022-12-10',NULL,NULL,NULL,NULL,29),(467,'2022-12-11',37.51,NULL,NULL,NULL,29),(468,'2022-12-12',36.38,NULL,NULL,NULL,29),(469,'2022-12-13',38.06,NULL,NULL,NULL,29),(470,'2022-12-14',33.54,NULL,NULL,NULL,29),(471,'2022-12-15',33.55,NULL,NULL,NULL,29),(472,'2022-12-16',33.47,NULL,NULL,NULL,29),(473,'2022-12-17',33.89,NULL,NULL,NULL,29),(474,'2022-12-18',33.24,NULL,NULL,NULL,29),(475,'2022-12-19',33.48,NULL,NULL,NULL,29),(476,'2022-12-20',33.28,NULL,NULL,NULL,29),(477,'2022-12-21',33.02,NULL,NULL,NULL,29),(478,'2022-12-22',33.44,NULL,NULL,NULL,29),(479,'2022-12-23',35.22,NULL,NULL,NULL,29),(480,'2022-12-24',35.29,NULL,NULL,NULL,29),(481,'2022-12-25',34.84,NULL,NULL,NULL,29),(482,'2022-12-26',34.94,NULL,NULL,NULL,29),(483,'2022-12-27',36.53,NULL,NULL,NULL,29),(484,'2022-12-28',35.39,NULL,NULL,NULL,29),(485,'2022-12-29',34.06,NULL,NULL,NULL,29),(486,'2022-12-30',34.43,NULL,NULL,NULL,29),(487,'2022-12-31',34.32,NULL,NULL,NULL,29),(488,'2022-10-01',33.7,NULL,NULL,NULL,30),(489,'2022-10-02',NULL,NULL,NULL,NULL,30),(490,'2022-10-03',NULL,NULL,NULL,NULL,30),(491,'2022-10-04',NULL,NULL,NULL,NULL,30),(492,'2022-10-05',NULL,NULL,NULL,NULL,30),(493,'2022-10-06',38.98,NULL,NULL,NULL,30),(494,'2022-10-07',NULL,NULL,NULL,NULL,30),(495,'2022-10-08',38.19,NULL,NULL,NULL,30),(496,'2022-10-09',NULL,NULL,NULL,NULL,30),(497,'2022-10-10',NULL,NULL,NULL,NULL,30),(498,'2022-10-11',NULL,NULL,NULL,NULL,30),(499,'2022-10-12',NULL,NULL,NULL,NULL,30),(500,'2022-10-13',NULL,NULL,NULL,NULL,30),(501,'2022-10-14',NULL,NULL,NULL,NULL,30),(502,'2022-10-15',37.48,NULL,NULL,NULL,30),(503,'2022-10-16',36.24,NULL,NULL,NULL,30),(504,'2022-10-17',37.35,NULL,NULL,NULL,30),(505,'2022-10-18',35.85,NULL,NULL,NULL,30),(506,'2022-10-19',34.56,NULL,NULL,NULL,30),(507,'2022-10-20',36.5,NULL,NULL,NULL,30),(508,'2022-10-21',36.84,NULL,NULL,NULL,30),(509,'2022-10-22',35.21,NULL,NULL,NULL,30),(510,'2022-10-23',34.18,NULL,NULL,NULL,30),(511,'2022-10-24',34.84,NULL,NULL,NULL,30),(512,'2022-10-25',35.36,NULL,NULL,NULL,30),(513,'2022-10-26',34.76,NULL,NULL,NULL,30),(514,'2022-10-27',32.48,NULL,NULL,NULL,30),(515,'2022-10-28',33.49,NULL,NULL,NULL,30),(516,'2022-10-29',33.17,NULL,NULL,NULL,30),(517,'2022-10-30',32.46,NULL,NULL,NULL,30),(518,'2022-10-31',32.62,NULL,NULL,NULL,30),(519,'2022-11-01',32.28,NULL,NULL,NULL,30),(520,'2022-11-02',33.12,NULL,NULL,NULL,30),(521,'2022-11-03',33.04,NULL,NULL,NULL,30),(522,'2022-11-04',33.06,NULL,NULL,NULL,30),(523,'2022-11-05',35.45,NULL,NULL,NULL,30),(524,'2022-11-06',35.54,NULL,NULL,NULL,30),(525,'2022-11-07',36.24,NULL,NULL,NULL,30),(526,'2022-11-08',36.13,NULL,NULL,NULL,30),(527,'2022-11-09',35.26,NULL,NULL,NULL,30),(528,'2022-11-10',36.87,NULL,NULL,NULL,30),(529,'2022-11-11',37.2,NULL,NULL,NULL,30),(530,'2022-11-12',37.01,NULL,NULL,NULL,30),(531,'2022-11-13',37.55,NULL,NULL,NULL,30),(532,'2022-11-14',NULL,NULL,NULL,NULL,30),(533,'2022-11-15',38,NULL,NULL,NULL,30),(534,'2022-11-16',36.91,NULL,NULL,NULL,30),(535,'2022-11-17',NULL,NULL,NULL,NULL,30),(536,'2022-11-18',39.89,NULL,NULL,NULL,30),(537,'2022-11-19',NULL,NULL,NULL,NULL,30),(538,'2022-11-20',39.98,NULL,NULL,NULL,30),(539,'2022-11-21',38.91,NULL,NULL,NULL,30),(540,'2022-11-22',32.21,NULL,NULL,NULL,30),(541,'2022-11-23',33.09,NULL,NULL,NULL,30),(542,'2022-11-24',32.58,NULL,NULL,NULL,30),(543,'2022-11-25',33.73,NULL,NULL,NULL,30),(544,'2022-11-26',33.46,NULL,NULL,NULL,30),(545,'2022-11-27',33.17,NULL,NULL,NULL,30),(546,'2022-11-28',34.58,NULL,NULL,NULL,30),(547,'2022-11-29',34.15,NULL,NULL,NULL,30),(548,'2022-11-30',32.99,NULL,NULL,NULL,30),(549,'2022-12-01',36.51,NULL,NULL,NULL,30),(550,'2022-12-02',34.76,NULL,NULL,NULL,30),(551,'2022-12-03',36.29,NULL,NULL,NULL,30),(552,'2022-12-04',38.81,NULL,NULL,NULL,30),(553,'2022-12-05',36.93,NULL,NULL,NULL,30),(554,'2022-12-06',37.62,NULL,NULL,NULL,30),(555,'2022-12-07',36.04,NULL,NULL,NULL,30),(556,'2022-12-08',37.51,NULL,NULL,NULL,30),(557,'2022-12-09',36.24,NULL,NULL,NULL,30),(558,'2022-12-10',NULL,NULL,NULL,NULL,30),(559,'2022-12-11',35.54,NULL,NULL,NULL,30),(560,'2022-12-12',36.53,NULL,NULL,NULL,30),(561,'2022-12-13',NULL,NULL,NULL,NULL,30),(562,'2022-12-14',36.25,NULL,NULL,NULL,30),(563,'2022-12-15',NULL,NULL,NULL,NULL,30),(564,'2022-12-16',38,NULL,NULL,NULL,30),(565,'2022-12-17',NULL,NULL,NULL,NULL,30),(566,'2022-12-18',37.43,NULL,NULL,NULL,30),(567,'2022-12-19',NULL,NULL,NULL,NULL,30),(568,'2022-12-20',36.99,NULL,NULL,NULL,30),(569,'2022-12-21',36.9,NULL,NULL,NULL,30),(570,'2022-12-22',35.92,NULL,NULL,NULL,30),(571,'2022-12-23',37.5,NULL,NULL,NULL,30),(572,'2022-12-24',16.6,NULL,NULL,NULL,30),(573,'2022-12-25',10.23,NULL,NULL,NULL,30),(574,'2022-12-26',35.4,NULL,NULL,NULL,30),(575,'2022-12-27',37.82,NULL,NULL,NULL,30),(576,'2022-12-28',10.78,NULL,NULL,NULL,30),(577,'2022-12-29',NULL,NULL,NULL,NULL,30),(578,'2022-12-30',39.79,NULL,NULL,NULL,30),(579,'2022-12-31',27,NULL,NULL,NULL,30),(580,'2022-10-01',37.33,NULL,NULL,NULL,31),(581,'2022-10-02',36.63,NULL,NULL,NULL,31),(582,'2022-10-03',37.8,NULL,NULL,NULL,31),(583,'2022-10-04',NULL,NULL,NULL,NULL,31),(584,'2022-10-05',38.13,NULL,NULL,NULL,31),(585,'2022-10-06',35.44,NULL,NULL,NULL,31),(586,'2022-10-07',36.38,NULL,NULL,NULL,31),(587,'2022-10-08',36.18,NULL,NULL,NULL,31),(588,'2022-10-09',35.08,NULL,NULL,NULL,31),(589,'2022-10-10',37.43,NULL,NULL,NULL,31),(590,'2022-10-11',37.99,NULL,NULL,NULL,31),(591,'2022-10-12',38.19,NULL,NULL,NULL,31),(592,'2022-10-13',NULL,NULL,NULL,NULL,31),(593,'2022-10-14',38.68,NULL,NULL,NULL,31),(594,'2022-10-15',37.9,NULL,NULL,NULL,31),(595,'2022-10-16',35.48,NULL,NULL,NULL,31),(596,'2022-10-17',37.85,NULL,NULL,NULL,31),(597,'2022-10-18',39.08,NULL,NULL,NULL,31),(598,'2022-10-19',39.82,NULL,NULL,NULL,31),(599,'2022-10-20',NULL,NULL,NULL,NULL,31),(600,'2022-10-21',39.11,NULL,NULL,NULL,31),(601,'2022-10-22',37.46,NULL,NULL,NULL,31),(602,'2022-10-23',NULL,NULL,NULL,NULL,31),(603,'2022-10-24',39.38,NULL,NULL,NULL,31),(604,'2022-10-25',39,NULL,NULL,NULL,31),(605,'2022-10-26',17.5,NULL,NULL,NULL,31),(606,'2022-10-27',38.7,NULL,NULL,NULL,31),(607,'2022-10-28',37.79,NULL,NULL,NULL,31),(608,'2022-10-29',13.94,NULL,NULL,NULL,31),(609,'2022-10-30',20.6,NULL,NULL,NULL,31),(610,'2022-10-31',NULL,NULL,NULL,NULL,31),(611,'2022-11-01',37.38,NULL,NULL,NULL,31),(612,'2022-11-02',NULL,NULL,NULL,NULL,31),(613,'2022-11-03',NULL,NULL,NULL,NULL,31),(614,'2022-11-04',14.47,NULL,NULL,NULL,31),(615,'2022-11-05',19.22,NULL,NULL,NULL,31),(616,'2022-11-06',NULL,NULL,NULL,NULL,31),(617,'2022-11-07',NULL,NULL,NULL,NULL,31),(618,'2022-11-08',NULL,NULL,NULL,NULL,31),(619,'2022-11-09',36.28,NULL,NULL,NULL,31),(620,'2022-11-10',37.01,NULL,NULL,NULL,31),(621,'2022-11-11',NULL,NULL,NULL,NULL,31),(622,'2022-11-12',NULL,NULL,NULL,NULL,31),(623,'2022-11-13',NULL,NULL,NULL,NULL,31),(624,'2022-11-14',NULL,NULL,NULL,NULL,31),(625,'2022-11-15',NULL,NULL,NULL,NULL,31),(626,'2022-11-16',NULL,NULL,NULL,NULL,31),(627,'2022-11-17',NULL,NULL,NULL,NULL,31),(628,'2022-11-18',NULL,NULL,NULL,NULL,31),(629,'2022-11-19',NULL,NULL,NULL,NULL,31),(630,'2022-11-20',NULL,NULL,NULL,NULL,31),(631,'2022-11-21',NULL,NULL,NULL,NULL,31),(632,'2022-11-22',NULL,NULL,NULL,NULL,31),(633,'2022-11-23',NULL,NULL,NULL,NULL,31),(634,'2022-11-24',NULL,NULL,NULL,NULL,31),(635,'2022-11-25',37.49,NULL,NULL,NULL,31),(636,'2022-11-26',NULL,NULL,NULL,NULL,31),(637,'2022-11-27',NULL,NULL,NULL,NULL,31),(638,'2022-11-28',NULL,NULL,NULL,NULL,31),(639,'2022-11-29',NULL,NULL,NULL,NULL,31),(640,'2022-11-30',NULL,NULL,NULL,NULL,31),(641,'2022-12-01',37.11,NULL,NULL,NULL,31),(642,'2022-12-02',33.21,NULL,NULL,NULL,31),(643,'2022-12-03',30.98,NULL,NULL,NULL,31),(644,'2022-12-04',NULL,NULL,NULL,NULL,31),(645,'2022-12-05',38.44,NULL,NULL,NULL,31),(646,'2022-12-06',38.15,NULL,NULL,NULL,31),(647,'2022-12-07',NULL,NULL,NULL,NULL,31),(648,'2022-12-08',38.67,NULL,NULL,NULL,31),(649,'2022-12-09',NULL,NULL,NULL,NULL,31),(650,'2022-12-10',NULL,NULL,NULL,NULL,31),(651,'2022-12-11',NULL,NULL,NULL,NULL,31),(652,'2022-12-12',NULL,NULL,NULL,NULL,31),(653,'2022-12-13',NULL,NULL,NULL,NULL,31),(654,'2022-12-14',NULL,NULL,NULL,NULL,31),(655,'2022-12-15',NULL,NULL,NULL,NULL,31),(656,'2022-12-16',NULL,NULL,NULL,NULL,31),(657,'2022-12-17',NULL,NULL,NULL,NULL,31),(658,'2022-12-18',NULL,NULL,NULL,NULL,31),(659,'2022-12-19',38.9,NULL,NULL,NULL,31),(660,'2022-12-20',NULL,NULL,NULL,NULL,31),(661,'2022-12-21',NULL,NULL,NULL,NULL,31),(662,'2022-12-22',NULL,NULL,NULL,NULL,31),(663,'2022-12-23',39.44,NULL,NULL,NULL,31),(664,'2022-12-24',39.17,NULL,NULL,NULL,31),(665,'2022-12-25',NULL,NULL,NULL,NULL,31),(666,'2022-12-26',NULL,NULL,NULL,NULL,31),(667,'2022-12-27',37.99,NULL,NULL,NULL,31),(668,'2022-12-28',36.84,NULL,NULL,NULL,31),(669,'2022-12-29',37.49,NULL,NULL,NULL,31),(670,'2022-12-30',39.39,NULL,NULL,NULL,31),(671,'2022-12-31',36.49,NULL,NULL,NULL,31),(672,'2022-10-01',36.97,NULL,NULL,NULL,32),(673,'2022-10-02',36.72,NULL,NULL,NULL,32),(674,'2022-10-03',34.4,NULL,NULL,NULL,32),(675,'2022-10-04',38.14,NULL,NULL,NULL,32),(676,'2022-10-05',36.31,NULL,NULL,NULL,32),(677,'2022-10-06',36.55,NULL,NULL,NULL,32),(678,'2022-10-07',36.06,NULL,NULL,NULL,32),(679,'2022-10-08',35.43,NULL,NULL,NULL,32),(680,'2022-10-09',35.45,NULL,NULL,NULL,32),(681,'2022-10-10',35.4,NULL,NULL,NULL,32),(682,'2022-10-11',37.47,NULL,NULL,NULL,32),(683,'2022-10-12',36.9,NULL,NULL,NULL,32),(684,'2022-10-13',34.61,NULL,NULL,NULL,32),(685,'2022-10-14',35.74,NULL,NULL,NULL,32),(686,'2022-10-15',38.17,NULL,NULL,NULL,32),(687,'2022-10-16',36.14,NULL,NULL,NULL,32),(688,'2022-10-17',35.44,NULL,NULL,NULL,32),(689,'2022-10-18',34.22,NULL,NULL,NULL,32),(690,'2022-10-19',35.02,NULL,NULL,NULL,32),(691,'2022-10-20',35.73,NULL,NULL,NULL,32),(692,'2022-10-21',35.25,NULL,NULL,NULL,32),(693,'2022-10-22',34.96,NULL,NULL,NULL,32),(694,'2022-10-23',34.21,NULL,NULL,NULL,32),(695,'2022-10-24',NULL,NULL,NULL,NULL,32),(696,'2022-10-25',NULL,NULL,NULL,NULL,32),(697,'2022-10-26',NULL,NULL,NULL,NULL,32),(698,'2022-10-27',24.88,NULL,NULL,NULL,32),(699,'2022-10-28',25,NULL,NULL,NULL,32),(700,'2022-10-29',25.36,NULL,NULL,NULL,32),(701,'2022-10-30',25.7,NULL,NULL,NULL,32),(702,'2022-10-31',25.87,NULL,NULL,NULL,32),(703,'2022-11-01',25.56,NULL,NULL,NULL,32),(704,'2022-11-02',26.09,NULL,NULL,NULL,32),(705,'2022-11-03',25.09,NULL,NULL,NULL,32),(706,'2022-11-04',26.06,NULL,NULL,NULL,32),(707,'2022-11-05',27.46,NULL,NULL,NULL,32),(708,'2022-11-06',27.44,NULL,NULL,NULL,32),(709,'2022-11-07',27.07,NULL,NULL,NULL,32),(710,'2022-11-08',28.11,NULL,NULL,NULL,32),(711,'2022-11-09',26.8,NULL,NULL,NULL,32),(712,'2022-11-10',28.23,NULL,NULL,NULL,32),(713,'2022-11-11',25.68,NULL,NULL,NULL,32),(714,'2022-11-12',25.21,NULL,NULL,NULL,32),(715,'2022-11-13',27.06,NULL,NULL,NULL,32),(716,'2022-11-14',31.42,NULL,NULL,NULL,32),(717,'2022-11-15',26.23,NULL,NULL,NULL,32),(718,'2022-11-16',27.14,NULL,NULL,NULL,32),(719,'2022-11-17',27.88,NULL,NULL,NULL,32),(720,'2022-11-18',27.25,NULL,NULL,NULL,32),(721,'2022-11-19',27.57,NULL,NULL,NULL,32),(722,'2022-11-20',25.5,NULL,NULL,NULL,32),(723,'2022-11-21',26.21,NULL,NULL,NULL,32),(724,'2022-11-22',27.13,NULL,NULL,NULL,32),(725,'2022-11-23',35.1,NULL,NULL,NULL,32),(726,'2022-11-24',35.21,NULL,NULL,NULL,32),(727,'2022-11-25',31.46,NULL,NULL,NULL,32),(728,'2022-11-26',24.4,NULL,NULL,NULL,32),(729,'2022-11-27',24.77,NULL,NULL,NULL,32),(730,'2022-11-28',24.71,NULL,NULL,NULL,32),(731,'2022-11-29',26.29,NULL,NULL,NULL,32),(732,'2022-11-30',25.05,NULL,NULL,NULL,32),(733,'2022-12-01',25.87,NULL,NULL,NULL,32),(734,'2022-12-02',25.34,NULL,NULL,NULL,32),(735,'2022-12-03',25.21,NULL,NULL,NULL,32),(736,'2022-12-04',25.04,NULL,NULL,NULL,32),(737,'2022-12-05',25.64,NULL,NULL,NULL,32),(738,'2022-12-06',25.45,NULL,NULL,NULL,32),(739,'2022-12-07',26.33,NULL,NULL,NULL,32),(740,'2022-12-08',25.09,NULL,NULL,NULL,32),(741,'2022-12-09',24.23,NULL,NULL,NULL,32),(742,'2022-12-10',24.72,NULL,NULL,NULL,32),(743,'2022-12-11',24.79,NULL,NULL,NULL,32),(744,'2022-12-12',25.72,NULL,NULL,NULL,32),(745,'2022-12-13',25.25,NULL,NULL,NULL,32),(746,'2022-12-14',25.48,NULL,NULL,NULL,32),(747,'2022-12-15',25.65,NULL,NULL,NULL,32),(748,'2022-12-16',25.57,NULL,NULL,NULL,32),(749,'2022-12-17',25.19,NULL,NULL,NULL,32),(750,'2022-12-18',24.9,NULL,NULL,NULL,32),(751,'2022-12-19',24.88,NULL,NULL,NULL,32),(752,'2022-12-20',23.76,NULL,NULL,NULL,32),(753,'2022-12-21',23.45,NULL,NULL,NULL,32),(754,'2022-12-22',24.02,NULL,NULL,NULL,32),(755,'2022-12-23',36.04,NULL,NULL,NULL,32),(756,'2022-12-24',NULL,NULL,NULL,NULL,32),(757,'2022-12-25',NULL,NULL,NULL,NULL,32),(758,'2022-12-26',37.21,NULL,NULL,NULL,32),(759,'2022-12-27',34.6,NULL,NULL,NULL,32),(760,'2022-12-28',35.01,NULL,NULL,NULL,32),(761,'2022-12-29',35.09,NULL,NULL,NULL,32),(762,'2022-12-30',NULL,NULL,NULL,NULL,32),(763,'2022-12-31',NULL,NULL,NULL,NULL,32),(764,'2022-10-01',38.05,NULL,NULL,NULL,33),(765,'2022-10-02',NULL,NULL,NULL,NULL,33),(766,'2022-10-03',38.84,NULL,NULL,NULL,33),(767,'2022-10-04',NULL,NULL,NULL,NULL,33),(768,'2022-10-05',36.55,NULL,NULL,NULL,33),(769,'2022-10-06',38.78,NULL,NULL,NULL,33),(770,'2022-10-07',36.5,NULL,NULL,NULL,33),(771,'2022-10-08',36.88,NULL,NULL,NULL,33),(772,'2022-10-09',36.95,NULL,NULL,NULL,33),(773,'2022-10-10',NULL,NULL,NULL,NULL,33),(774,'2022-10-11',NULL,NULL,NULL,NULL,33),(775,'2022-10-12',NULL,NULL,NULL,NULL,33),(776,'2022-10-13',34.61,NULL,NULL,NULL,33),(777,'2022-10-14',34.46,NULL,NULL,NULL,33),(778,'2022-10-15',34.29,NULL,NULL,NULL,33),(779,'2022-10-16',29.4,NULL,NULL,NULL,33),(780,'2022-10-17',28.51,NULL,NULL,NULL,33),(781,'2022-10-18',28.16,NULL,NULL,NULL,33),(782,'2022-10-19',NULL,NULL,NULL,NULL,33),(783,'2022-10-20',NULL,NULL,NULL,NULL,33),(784,'2022-10-21',NULL,NULL,NULL,NULL,33),(785,'2022-10-22',37.75,NULL,NULL,NULL,33),(786,'2022-10-23',NULL,NULL,NULL,NULL,33),(787,'2022-10-24',NULL,NULL,NULL,NULL,33),(788,'2022-10-25',NULL,NULL,NULL,NULL,33),(789,'2022-10-26',NULL,NULL,NULL,NULL,33),(790,'2022-10-27',NULL,NULL,NULL,NULL,33),(791,'2022-10-28',36.36,NULL,NULL,NULL,33),(792,'2022-10-29',NULL,NULL,NULL,NULL,33),(793,'2022-10-30',37.57,NULL,NULL,NULL,33),(794,'2022-10-31',NULL,NULL,NULL,NULL,33),(795,'2022-11-01',38.62,NULL,NULL,NULL,33),(796,'2022-11-02',31.59,NULL,NULL,NULL,33),(797,'2022-11-03',31.98,NULL,NULL,NULL,33),(798,'2022-11-04',31.46,NULL,NULL,NULL,33),(799,'2022-11-05',32.65,NULL,NULL,NULL,33),(800,'2022-11-06',32.61,NULL,NULL,NULL,33),(801,'2022-11-07',32.74,NULL,NULL,NULL,33),(802,'2022-11-08',34.56,NULL,NULL,NULL,33),(803,'2022-11-09',35.13,NULL,NULL,NULL,33),(804,'2022-11-10',34.26,NULL,NULL,NULL,33),(805,'2022-11-11',36.68,NULL,NULL,NULL,33),(806,'2022-11-12',35.31,NULL,NULL,NULL,33),(807,'2022-11-13',35.65,NULL,NULL,NULL,33),(808,'2022-11-14',36.39,NULL,NULL,NULL,33),(809,'2022-11-15',36.48,NULL,NULL,NULL,33),(810,'2022-11-16',NULL,NULL,NULL,NULL,33),(811,'2022-11-17',36.65,NULL,NULL,NULL,33),(812,'2022-11-18',36.62,NULL,NULL,NULL,33),(813,'2022-11-19',39.86,NULL,NULL,NULL,33),(814,'2022-11-20',38.02,NULL,NULL,NULL,33),(815,'2022-11-21',35.94,NULL,NULL,NULL,33),(816,'2022-11-22',NULL,NULL,NULL,NULL,33),(817,'2022-11-23',NULL,NULL,NULL,NULL,33),(818,'2022-11-24',36.04,NULL,NULL,NULL,33),(819,'2022-11-25',36.5,NULL,NULL,NULL,33),(820,'2022-11-26',35.55,NULL,NULL,NULL,33),(821,'2022-11-27',37.15,NULL,NULL,NULL,33),(822,'2022-11-28',34.95,NULL,NULL,NULL,33),(823,'2022-11-29',NULL,NULL,NULL,NULL,33),(824,'2022-11-30',35.57,NULL,NULL,NULL,33),(825,'2022-12-01',NULL,NULL,NULL,NULL,33),(826,'2022-12-02',36.35,NULL,NULL,NULL,33),(827,'2022-12-03',36.85,NULL,NULL,NULL,33),(828,'2022-12-04',35.41,NULL,NULL,NULL,33),(829,'2022-12-05',38.67,NULL,NULL,NULL,33),(830,'2022-12-06',38.99,NULL,NULL,NULL,33),(831,'2022-12-07',NULL,NULL,NULL,NULL,33),(832,'2022-12-08',NULL,NULL,NULL,NULL,33),(833,'2022-12-09',35.73,NULL,NULL,NULL,33),(834,'2022-12-10',37.73,NULL,NULL,NULL,33),(835,'2022-12-11',NULL,NULL,NULL,NULL,33),(836,'2022-12-12',38.85,NULL,NULL,NULL,33),(837,'2022-12-13',NULL,NULL,NULL,NULL,33),(838,'2022-12-14',NULL,NULL,NULL,NULL,33),(839,'2022-12-15',NULL,NULL,NULL,NULL,33),(840,'2022-12-16',NULL,NULL,NULL,NULL,33),(841,'2022-12-17',NULL,NULL,NULL,NULL,33),(842,'2022-12-18',NULL,NULL,NULL,NULL,33),(843,'2022-12-19',NULL,NULL,NULL,NULL,33),(844,'2022-12-20',NULL,NULL,NULL,NULL,33),(845,'2022-12-21',NULL,NULL,NULL,NULL,33),(846,'2022-12-22',37.5,NULL,NULL,NULL,33),(847,'2022-12-23',NULL,NULL,NULL,NULL,33),(848,'2022-12-24',NULL,NULL,NULL,NULL,33),(849,'2022-12-25',21.67,NULL,NULL,NULL,33),(850,'2022-12-26',NULL,NULL,NULL,NULL,33),(851,'2022-12-27',NULL,NULL,NULL,NULL,33),(852,'2022-12-28',38.46,NULL,NULL,NULL,33),(853,'2022-12-29',NULL,NULL,NULL,NULL,33),(854,'2022-12-30',NULL,NULL,NULL,NULL,33),(855,'2022-12-31',NULL,NULL,NULL,NULL,33),(856,'2022-10-01',NULL,NULL,NULL,NULL,34),(857,'2022-10-02',NULL,NULL,NULL,NULL,34),(858,'2022-10-03',NULL,NULL,NULL,NULL,34),(859,'2022-10-04',NULL,NULL,NULL,NULL,34),(860,'2022-10-05',38,NULL,NULL,NULL,34),(861,'2022-10-06',36.36,NULL,NULL,NULL,34),(862,'2022-10-07',37,NULL,NULL,NULL,34),(863,'2022-10-08',NULL,NULL,NULL,NULL,34),(864,'2022-10-09',35.21,NULL,NULL,NULL,34),(865,'2022-10-10',34.85,NULL,NULL,NULL,34),(866,'2022-10-11',35.6,NULL,NULL,NULL,34),(867,'2022-10-12',34.31,NULL,NULL,NULL,34),(868,'2022-10-13',34.37,NULL,NULL,NULL,34),(869,'2022-10-14',35,NULL,NULL,NULL,34),(870,'2022-10-15',35.03,NULL,NULL,NULL,34),(871,'2022-10-16',36.79,NULL,NULL,NULL,34),(872,'2022-10-17',36.56,NULL,NULL,NULL,34),(873,'2022-10-18',36.45,NULL,NULL,NULL,34),(874,'2022-10-19',36.16,NULL,NULL,NULL,34),(875,'2022-10-20',38.52,NULL,NULL,NULL,34),(876,'2022-10-21',38.1,NULL,NULL,NULL,34),(877,'2022-10-22',NULL,NULL,NULL,NULL,34),(878,'2022-10-23',NULL,NULL,NULL,NULL,34),(879,'2022-10-24',35.23,NULL,NULL,NULL,34),(880,'2022-10-25',38.73,NULL,NULL,NULL,34),(881,'2022-10-26',32.84,NULL,NULL,NULL,34),(882,'2022-10-27',33.04,NULL,NULL,NULL,34),(883,'2022-10-28',32.66,NULL,NULL,NULL,34),(884,'2022-10-29',34.75,NULL,NULL,NULL,34),(885,'2022-10-30',34.01,NULL,NULL,NULL,34),(886,'2022-10-31',33.54,NULL,NULL,NULL,34),(887,'2022-11-01',34.67,NULL,NULL,NULL,34),(888,'2022-11-02',35.18,NULL,NULL,NULL,34),(889,'2022-11-03',34.49,NULL,NULL,NULL,34),(890,'2022-11-04',35.61,NULL,NULL,NULL,34),(891,'2022-11-05',35.51,NULL,NULL,NULL,34),(892,'2022-11-06',36.68,NULL,NULL,NULL,34),(893,'2022-11-07',36.17,NULL,NULL,NULL,34),(894,'2022-11-08',36.11,NULL,NULL,NULL,34),(895,'2022-11-09',36.09,NULL,NULL,NULL,34),(896,'2022-11-10',35.9,NULL,NULL,NULL,34),(897,'2022-11-11',37.58,NULL,NULL,NULL,34),(898,'2022-11-12',39.56,NULL,NULL,NULL,34),(899,'2022-11-13',NULL,NULL,NULL,NULL,34),(900,'2022-11-14',38.93,NULL,NULL,NULL,34),(901,'2022-11-15',37.82,NULL,NULL,NULL,34),(902,'2022-11-16',35.44,NULL,NULL,NULL,34),(903,'2022-11-17',35.59,NULL,NULL,NULL,34),(904,'2022-11-18',35.85,NULL,NULL,NULL,34),(905,'2022-11-19',35.62,NULL,NULL,NULL,34),(906,'2022-11-20',35.75,NULL,NULL,NULL,34),(907,'2022-11-21',35.75,NULL,NULL,NULL,34),(908,'2022-11-22',NULL,NULL,NULL,NULL,34),(909,'2022-11-23',NULL,NULL,NULL,NULL,34),(910,'2022-11-24',38.2,NULL,NULL,NULL,34),(911,'2022-11-25',33.96,NULL,NULL,NULL,34),(912,'2022-11-26',33.24,NULL,NULL,NULL,34),(913,'2022-11-27',33.53,NULL,NULL,NULL,34),(914,'2022-11-28',35.07,NULL,NULL,NULL,34),(915,'2022-11-29',35.78,NULL,NULL,NULL,34),(916,'2022-11-30',NULL,NULL,NULL,NULL,34),(917,'2022-12-01',33.95,NULL,NULL,NULL,34),(918,'2022-12-02',33.23,NULL,NULL,NULL,34),(919,'2022-12-03',34.05,NULL,NULL,NULL,34),(920,'2022-12-04',33.93,NULL,NULL,NULL,34),(921,'2022-12-05',35.42,NULL,NULL,NULL,34),(922,'2022-12-06',35.21,NULL,NULL,NULL,34),(923,'2022-12-07',36.54,NULL,NULL,NULL,34),(924,'2022-12-08',35.64,NULL,NULL,NULL,34),(925,'2022-12-09',33.28,NULL,NULL,NULL,34),(926,'2022-12-10',36.31,NULL,NULL,NULL,34),(927,'2022-12-11',36.13,NULL,NULL,NULL,34),(928,'2022-12-12',36.04,NULL,NULL,NULL,34),(929,'2022-12-13',35.96,NULL,NULL,NULL,34),(930,'2022-12-14',38.17,NULL,NULL,NULL,34),(931,'2022-12-15',39.35,NULL,NULL,NULL,34),(932,'2022-12-16',NULL,NULL,NULL,NULL,34),(933,'2022-12-17',37.49,NULL,NULL,NULL,34),(934,'2022-12-18',38.51,NULL,NULL,NULL,34),(935,'2022-12-19',36.85,NULL,NULL,NULL,34),(936,'2022-12-20',39.01,NULL,NULL,NULL,34),(937,'2022-12-21',39.78,NULL,NULL,NULL,34),(938,'2022-12-22',NULL,NULL,NULL,NULL,34),(939,'2022-12-23',NULL,NULL,NULL,NULL,34),(940,'2022-12-24',NULL,NULL,NULL,NULL,34),(941,'2022-12-25',38.39,NULL,NULL,NULL,34),(942,'2022-12-26',NULL,NULL,NULL,NULL,34),(943,'2022-12-27',38.75,NULL,NULL,NULL,34),(944,'2022-12-28',35.42,NULL,NULL,NULL,34),(945,'2022-12-29',38.72,NULL,NULL,NULL,34),(946,'2022-12-30',36,NULL,NULL,NULL,34),(947,'2022-12-31',36.56,NULL,NULL,NULL,34),(948,'2022-10-01',36.34,NULL,NULL,NULL,35),(949,'2022-10-02',39.6,NULL,NULL,NULL,35),(950,'2022-10-03',35.2,NULL,NULL,NULL,35),(951,'2022-10-04',36.17,NULL,NULL,NULL,35),(952,'2022-10-05',35.1,NULL,NULL,NULL,35),(953,'2022-10-06',38.67,NULL,NULL,NULL,35),(954,'2022-10-07',39.77,NULL,NULL,NULL,35),(955,'2022-10-08',36.41,NULL,NULL,NULL,35),(956,'2022-10-09',37.69,NULL,NULL,NULL,35),(957,'2022-10-10',36.77,NULL,NULL,NULL,35),(958,'2022-10-11',36.74,NULL,NULL,NULL,35),(959,'2022-10-12',NULL,NULL,NULL,NULL,35),(960,'2022-10-13',39.34,NULL,NULL,NULL,35),(961,'2022-10-14',37.12,NULL,NULL,NULL,35),(962,'2022-10-15',NULL,NULL,NULL,NULL,35),(963,'2022-10-16',NULL,NULL,NULL,NULL,35),(964,'2022-10-17',38.28,NULL,NULL,NULL,35),(965,'2022-10-18',NULL,NULL,NULL,NULL,35),(966,'2022-10-19',NULL,NULL,NULL,NULL,35),(967,'2022-10-20',39.91,NULL,NULL,NULL,35),(968,'2022-10-21',NULL,NULL,NULL,NULL,35),(969,'2022-10-22',38.04,NULL,NULL,NULL,35),(970,'2022-10-23',37.82,NULL,NULL,NULL,35),(971,'2022-10-24',NULL,NULL,NULL,NULL,35),(972,'2022-10-25',37.61,NULL,NULL,NULL,35),(973,'2022-10-26',NULL,NULL,NULL,NULL,35),(974,'2022-10-27',39.28,NULL,NULL,NULL,35),(975,'2022-10-28',38.15,NULL,NULL,NULL,35),(976,'2022-10-29',NULL,NULL,NULL,NULL,35),(977,'2022-10-30',37.56,NULL,NULL,NULL,35),(978,'2022-10-31',NULL,NULL,NULL,NULL,35),(979,'2022-11-01',NULL,NULL,NULL,NULL,35),(980,'2022-11-02',NULL,NULL,NULL,NULL,35),(981,'2022-11-03',NULL,NULL,NULL,NULL,35),(982,'2022-11-04',39,NULL,NULL,NULL,35),(983,'2022-11-05',39.13,NULL,NULL,NULL,35),(984,'2022-11-06',38.26,NULL,NULL,NULL,35),(985,'2022-11-07',37.58,NULL,NULL,NULL,35),(986,'2022-11-08',NULL,NULL,NULL,NULL,35),(987,'2022-11-09',NULL,NULL,NULL,NULL,35);

/*!40101 SET SQL_MODE=@OLD_SQL_MODE */;
/*!40014 SET FOREIGN_KEY_CHECKS=@OLD_FOREIGN_KEY_CHECKS */;
/*!40014 SET UNIQUE_CHECKS=@OLD_UNIQUE_CHECKS */;
/*!40111 SET SQL_NOTES=@OLD_SQL_NOTES */;
